,Number of Songs,Artist Familiarity,Duration,Title
0,1.0,0.5817937658450281,218.93179,"b""I Didn't Mean To"""
1,1.0,0.6306300375898077,148.03546,b'Soul Deep'
2,1.0,0.4873567909281477,177.47546,b'Amor De Cabaret'
3,1.0,0.6303823341467806,233.40363,b'Something Girls'
4,1.0,0.6510456608317947,209.60608,b'Face the Ashes'
5,1.0,0.5352927355118197,267.7024,b'The Moon And I (Ordinary Day Album Version)'
